timestamp,endpoint,property_id,response_time_ms,status_code,request_size_bytes,response_size_bytes,success,error_message,scenario,top_k_value,min_score_value,top_percentile_value,batch_size
2025-07-18T23:08:33.733698,single_property,7201,1.3456344604492188,200,32,99796,True,,baseline,,0.5,,
2025-07-18T23:08:33.735076,single_property,7202,1.039266586303711,200,32,98236,True,,baseline,,0.5,,
2025-07-18T23:08:33.736131,single_property,7203,0.9751319885253906,200,32,100134,True,,baseline,,0.5,,
2025-07-18T23:08:33.737119,single_property,7204,0.8392333984375,200,32,98611,True,,baseline,,0.5,,
2025-07-18T23:08:33.737970,single_property,7205,0.9491443634033203,200,32,99332,True,,baseline,,0.5,,
2025-07-18T23:08:33.738932,single_property,7206,0.9112358093261719,200,32,97450,True,,baseline,,0.5,,
2025-07-18T23:08:33.739857,single_property,7207,1.5895366668701172,200,32,100524,True,,baseline,,0.5,,
2025-07-18T23:08:33.741484,single_property,7208,1.7595291137695312,200,32,98251,True,,baseline,,0.5,,
2025-07-18T23:08:33.743268,single_property,7209,1.4929771423339844,200,32,98109,True,,baseline,,0.5,,
2025-07-18T23:08:33.744787,single_property,7210,1.3973712921142578,200,32,98573,True,,baseline,,0.5,,
2025-07-18T23:08:33.746239,single_property,7211,1.636505126953125,200,32,98954,True,,baseline,,0.5,,
2025-07-18T23:08:33.747899,single_property,7212,1.4681816101074219,200,32,99109,True,,baseline,,0.5,,
2025-07-18T23:08:33.749408,single_property,7213,0.9238719940185547,200,32,98214,True,,baseline,,0.5,,
2025-07-18T23:08:33.750343,single_property,7214,0.7944107055664062,200,32,98889,True,,baseline,,0.5,,
2025-07-18T23:08:33.751148,single_property,7215,0.8034706115722656,200,32,98507,True,,baseline,,0.5,,
2025-07-18T23:08:33.751991,single_property,7216,0.8261203765869141,200,32,99418,True,,baseline,,0.5,,
2025-07-18T23:08:33.752827,single_property,7217,1.0178089141845703,200,32,98157,True,,baseline,,0.5,,
2025-07-18T23:08:33.753858,single_property,7218,0.9286403656005859,200,32,98865,True,,baseline,,0.5,,
2025-07-18T23:08:33.754800,single_property,7219,0.8308887481689453,200,32,98868,True,,baseline,,0.5,,
2025-07-18T23:08:33.755640,single_property,7220,0.7646083831787109,200,32,96979,True,,baseline,,0.5,,
2025-07-18T23:08:33.756453,single_property,7221,0.7104873657226562,200,32,97273,True,,baseline,,0.5,,
2025-07-18T23:08:33.757173,single_property,7222,0.8368492126464844,200,32,100505,True,,baseline,,0.5,,
2025-07-18T23:08:33.758023,single_property,7223,0.8828639984130859,200,32,99461,True,,baseline,,0.5,,
2025-07-18T23:08:33.758919,single_property,7224,1.3141632080078125,200,32,101386,True,,baseline,,0.5,,
2025-07-18T23:08:33.760251,single_property,7225,1.0297298431396484,200,32,98433,True,,baseline,,0.5,,
2025-07-18T23:08:33.761292,single_property,7226,0.9043216705322266,200,32,98794,True,,baseline,,0.5,,
2025-07-18T23:08:33.762208,single_property,7227,1.1258125305175781,200,32,97120,True,,baseline,,0.5,,
2025-07-18T23:08:33.763350,single_property,7228,0.9961128234863281,200,32,100464,True,,baseline,,0.5,,
2025-07-18T23:08:33.764395,single_property,7229,1.024484634399414,200,32,100427,True,,high_threshold,,0.7,,
2025-07-18T23:08:33.765436,single_property,7230,1.1186599731445312,200,32,85979,True,,high_threshold,,0.7,,
2025-07-18T23:08:33.766572,single_property,7231,0.7898807525634766,200,32,50944,True,,high_threshold,,0.7,,
2025-07-18T23:08:33.767373,single_property,7232,1.0166168212890625,200,32,100339,True,,high_threshold,,0.7,,
2025-07-18T23:08:33.768400,single_property,7233,1.0352134704589844,200,32,99577,True,,high_threshold,,0.7,,
2025-07-18T23:08:33.769447,single_property,7234,1.3165473937988281,200,32,99598,True,,high_threshold,,0.7,,
2025-07-18T23:08:33.770780,single_property,7235,1.0304450988769531,200,32,98292,True,,high_threshold,,0.7,,
2025-07-18T23:08:33.771826,single_property,7236,1.0464191436767578,200,32,70044,True,,high_threshold,,0.7,,
2025-07-18T23:08:33.772886,single_property,7237,0.8997917175292969,200,32,33600,True,,high_threshold,,0.7,,
2025-07-18T23:08:33.773797,single_property,7238,1.058816909790039,200,32,100924,True,,high_threshold,,0.7,,
2025-07-18T23:08:33.774933,single_property,7239,0.9734630584716797,200,32,66457,True,,high_threshold,,0.7,,
2025-07-18T23:08:33.775922,single_property,7240,1.3401508331298828,200,32,75622,True,,high_threshold,,0.7,,
2025-07-18T23:08:33.777285,single_property,7241,1.3720989227294922,200,32,67868,True,,high_threshold,,0.7,,
2025-07-18T23:08:33.778677,single_property,7242,1.253366470336914,200,32,71659,True,,high_threshold,,0.7,,
2025-07-18T23:08:33.779952,single_property,7243,0.8914470672607422,200,32,64952,True,,high_threshold,,0.7,,
2025-07-18T23:08:33.780854,single_property,7244,1.0595321655273438,200,32,87306,True,,high_threshold,,0.7,,
2025-07-18T23:08:33.781930,single_property,7245,0.9279251098632812,200,32,33623,True,,high_threshold,,0.7,,
2025-07-18T23:08:33.782873,single_property,7246,1.1677742004394531,200,32,100103,True,,high_threshold,,0.7,,
2025-07-18T23:08:33.784052,single_property,7247,1.0275840759277344,200,32,100629,True,,high_threshold,,0.7,,
2025-07-18T23:08:33.785089,single_property,7248,0.7116794586181641,200,32,43038,True,,high_threshold,,0.7,,
2025-07-18T23:08:33.785855,single_property,7249,1.0161399841308594,200,32,100214,True,,high_threshold,,0.7,,
2025-07-18T23:08:33.786888,single_property,7250,1.1827945709228516,200,32,92013,True,,high_threshold,,0.7,,
2025-07-18T23:08:33.788090,single_property,7251,1.3766288757324219,200,32,99683,True,,high_threshold,,0.7,,
2025-07-18T23:08:33.789494,single_property,7252,1.7611980438232422,200,32,92806,True,,high_threshold,,0.7,,
2025-07-18T23:08:33.791277,single_property,7253,1.832723617553711,200,32,99466,True,,high_threshold,,0.7,,
2025-07-18T23:08:33.793140,single_property,7254,1.425027847290039,200,32,38296,True,,high_threshold,,0.7,,
2025-07-18T23:08:33.794587,single_property,7255,1.4455318450927734,200,32,91530,True,,high_threshold,,0.7,,
2025-07-18T23:08:33.796051,single_property,7256,1.1823177337646484,200,32,66281,True,,high_threshold,,0.7,,
2025-07-18T23:08:33.797304,single_property,7257,1.0380744934082031,200,44,4929,True,,top_k_5,5,0.5,,
2025-07-18T23:08:33.798356,single_property,7258,0.7238388061523438,200,44,5032,True,,top_k_5,5,0.5,,
2025-07-18T23:08:33.799092,single_property,7259,0.6051063537597656,200,44,5039,True,,top_k_5,5,0.5,,
2025-07-18T23:08:33.799720,single_property,7260,0.5998611450195312,200,44,5080,True,,top_k_5,5,0.5,,
2025-07-18T23:08:33.800331,single_property,7261,0.5154609680175781,200,44,5042,True,,top_k_5,5,0.5,,
2025-07-18T23:08:33.800856,single_property,7262,0.49424171447753906,200,44,4963,True,,top_k_5,5,0.5,,
2025-07-18T23:08:33.801360,single_property,7263,0.48089027404785156,200,44,5038,True,,top_k_5,5,0.5,,
2025-07-18T23:08:33.801851,single_property,7264,0.6885528564453125,200,44,4937,True,,top_k_5,5,0.5,,
2025-07-18T23:08:33.802555,single_property,7265,0.8580684661865234,200,44,5080,True,,top_k_5,5,0.5,,
2025-07-18T23:08:33.803425,single_property,7266,0.8411407470703125,200,44,4904,True,,top_k_5,5,0.5,,
2025-07-18T23:08:33.804315,single_property,7267,0.9248256683349609,200,44,4886,True,,top_k_5,5,0.5,,
2025-07-18T23:08:33.805252,single_property,7268,0.7116794586181641,200,44,5224,True,,top_k_5,5,0.5,,
2025-07-18T23:08:33.805977,single_property,7269,0.6291866302490234,200,44,4827,True,,top_k_5,5,0.5,,
2025-07-18T23:08:33.806619,single_property,7270,0.6177425384521484,200,44,5080,True,,top_k_5,5,0.5,,
2025-07-18T23:08:33.807248,single_property,7271,0.5125999450683594,200,44,4980,True,,top_k_5,5,0.5,,
2025-07-18T23:08:33.807770,single_property,7272,0.6732940673828125,200,44,5086,True,,top_k_5,5,0.5,,
2025-07-18T23:08:33.808456,single_property,7273,0.7011890411376953,200,44,5081,True,,top_k_5,5,0.5,,
2025-07-18T23:08:33.809170,single_property,7274,0.7817745208740234,200,44,5000,True,,top_k_5,5,0.5,,
2025-07-18T23:08:33.809975,single_property,7275,1.1513233184814453,200,44,5052,True,,top_k_5,5,0.5,,
2025-07-18T23:08:33.811143,single_property,7276,0.7660388946533203,200,44,4896,True,,top_k_5,5,0.5,,
2025-07-18T23:08:33.811957,single_property,7277,0.74005126953125,200,44,5014,True,,top_k_5,5,0.5,,
2025-07-18T23:08:33.812712,single_property,7278,0.8306503295898438,200,44,5034,True,,top_k_5,5,0.5,,
2025-07-18T23:08:33.813557,single_property,7279,0.6060600280761719,200,44,5112,True,,top_k_5,5,0.5,,
2025-07-18T23:08:33.814173,single_property,7280,0.5295276641845703,200,44,4789,True,,top_k_5,5,0.5,,
2025-07-18T23:08:33.814713,single_property,7281,0.5445480346679688,200,44,5027,True,,top_k_5,5,0.5,,
2025-07-18T23:08:33.815270,single_property,7282,0.5686283111572266,200,44,5038,True,,top_k_5,5,0.5,,
2025-07-18T23:08:33.815850,single_property,7283,0.5719661712646484,200,44,4975,True,,top_k_5,5,0.5,,
2025-07-18T23:08:33.816432,single_property,7284,0.5159378051757812,200,44,4998,True,,top_k_5,5,0.5,,
2025-07-18T23:08:33.816996,single_property,7285,0.4723072052001953,200,45,10408,True,,top_k_10,10,0.5,,
2025-07-18T23:08:33.817478,single_property,7286,0.4820823669433594,200,45,9819,True,,top_k_10,10,0.5,,
2025-07-18T23:08:33.817969,single_property,7287,0.5009174346923828,200,45,10003,True,,top_k_10,10,0.5,,
2025-07-18T23:08:33.818490,single_property,7288,0.6012916564941406,200,45,10206,True,,top_k_10,10,0.5,,
2025-07-18T23:08:33.819103,single_property,7289,0.6208419799804688,200,45,10095,True,,top_k_10,10,0.5,,
2025-07-18T23:08:33.819736,single_property,7290,0.6279945373535156,200,45,10304,True,,top_k_10,10,0.5,,
2025-07-18T23:08:33.820374,single_property,7291,0.5147457122802734,200,45,10196,True,,top_k_10,10,0.5,,
2025-07-18T23:08:33.820899,single_property,7292,0.583648681640625,200,45,9886,True,,top_k_10,10,0.5,,
2025-07-18T23:08:33.821495,single_property,7293,0.5702972412109375,200,45,9994,True,,top_k_10,10,0.5,,
2025-07-18T23:08:33.822076,single_property,7294,0.5304813385009766,200,45,10002,True,,top_k_10,10,0.5,,
2025-07-18T23:08:33.822648,single_property,7295,0.47516822814941406,200,45,10334,True,,top_k_10,10,0.5,,
2025-07-18T23:08:33.823134,single_property,7296,0.4858970642089844,200,45,9783,True,,top_k_10,10,0.5,,
2025-07-18T23:08:33.823668,single_property,7297,0.4894733428955078,200,45,9915,True,,top_k_10,10,0.5,,
2025-07-18T23:08:33.824168,single_property,7298,0.7417201995849609,200,45,9789,True,,top_k_10,10,0.5,,
2025-07-18T23:08:33.824927,single_property,7299,1.2848377227783203,200,45,9958,True,,top_k_10,10,0.5,,
2025-07-18T23:08:33.826282,single_property,7300,0.9725093841552734,200,45,10117,True,,top_k_10,10,0.5,,
2025-07-18T23:08:33.827270,single_property,7301,0.8747577667236328,200,45,9905,True,,top_k_10,10,0.5,,
2025-07-18T23:08:33.828162,single_property,7302,1.5742778778076172,200,45,10060,True,,top_k_10,10,0.5,,
2025-07-18T23:08:33.829753,single_property,7303,0.7374286651611328,200,45,9908,True,,top_k_10,10,0.5,,
2025-07-18T23:08:33.830504,single_property,7304,0.6449222564697266,200,45,9864,True,,top_k_10,10,0.5,,
2025-07-18T23:08:33.831194,single_property,7305,0.5211830139160156,200,45,9904,True,,top_k_10,10,0.5,,
2025-07-18T23:08:33.831726,single_property,7306,0.5424022674560547,200,45,9927,True,,top_k_10,10,0.5,,
2025-07-18T23:08:33.832278,single_property,7307,0.51116943359375,200,45,9981,True,,top_k_10,10,0.5,,
2025-07-18T23:08:33.832800,single_property,7308,0.5023479461669922,200,45,9705,True,,top_k_10,10,0.5,,
2025-07-18T23:08:33.833312,single_property,7309,0.4875659942626953,200,45,10134,True,,top_k_10,10,0.5,,
2025-07-18T23:08:33.833811,single_property,7310,0.4868507385253906,200,45,10301,True,,top_k_10,10,0.5,,
2025-07-18T23:08:33.834309,single_property,7311,0.49686431884765625,200,45,9540,True,,top_k_10,10,0.5,,
2025-07-18T23:08:33.834815,single_property,7312,0.5080699920654297,200,45,9982,True,,top_k_10,10,0.5,,
2025-07-18T23:08:33.835362,single_property,7313,0.5822181701660156,200,45,49169,True,,top_k_50,50,0.5,,
2025-07-18T23:08:33.835957,single_property,7314,0.7994174957275391,200,45,50920,True,,top_k_50,50,0.5,,
2025-07-18T23:08:33.836774,single_property,7315,0.7755756378173828,200,45,48747,True,,top_k_50,50,0.5,,
2025-07-18T23:08:33.837569,single_property,7316,1.020193099975586,200,45,48540,True,,top_k_50,50,0.5,,
2025-07-18T23:08:33.838605,single_property,7317,1.0411739349365234,200,45,49813,True,,top_k_50,50,0.5,,
2025-07-18T23:08:33.839662,single_property,7318,0.8423328399658203,200,45,50172,True,,top_k_50,50,0.5,,
2025-07-18T23:08:33.840521,single_property,7319,0.6935596466064453,200,45,49260,True,,top_k_50,50,0.5,,
2025-07-18T23:08:33.841226,single_property,7320,0.8525848388671875,200,45,49365,True,,top_k_50,50,0.5,,
2025-07-18T23:08:33.842101,single_property,7321,1.455545425415039,200,45,49751,True,,top_k_50,50,0.5,,
2025-07-18T23:08:33.843579,single_property,7322,1.2786388397216797,200,45,50704,True,,top_k_50,50,0.5,,
2025-07-18T23:08:33.844912,single_property,7323,1.1980533599853516,200,45,49758,True,,top_k_50,50,0.5,,
2025-07-18T23:08:33.846128,single_property,7324,1.0042190551757812,200,45,50405,True,,top_k_50,50,0.5,,
2025-07-18T23:08:33.847147,single_property,7325,0.6775856018066406,200,45,48687,True,,top_k_50,50,0.5,,
2025-07-18T23:08:33.847836,single_property,7326,0.6477832794189453,200,45,49944,True,,top_k_50,50,0.5,,
2025-07-18T23:08:33.848498,single_property,7327,0.7302761077880859,200,45,49890,True,,top_k_50,50,0.5,,
2025-07-18T23:08:33.849240,single_property,7328,0.7226467132568359,200,45,49600,True,,top_k_50,50,0.5,,
2025-07-18T23:08:33.849975,single_property,7329,0.858306884765625,200,45,50286,True,,top_k_50,50,0.5,,
2025-07-18T23:08:33.850845,single_property,7330,0.6122589111328125,200,45,48885,True,,top_k_50,50,0.5,,
2025-07-18T23:08:33.851468,single_property,7331,0.8182525634765625,200,45,49373,True,,top_k_50,50,0.5,,
2025-07-18T23:08:33.852298,single_property,7332,0.7295608520507812,200,45,50822,True,,top_k_50,50,0.5,,
2025-07-18T23:08:33.853077,single_property,7333,0.70953369140625,200,45,49918,True,,top_k_50,50,0.5,,
2025-07-18T23:08:33.853797,single_property,7334,0.6868839263916016,200,45,50267,True,,top_k_50,50,0.5,,
2025-07-18T23:08:33.854495,single_property,7335,0.6060600280761719,200,45,49567,True,,top_k_50,50,0.5,,
2025-07-18T23:08:33.855111,single_property,7336,0.5886554718017578,200,45,48691,True,,top_k_50,50,0.5,,
2025-07-18T23:08:33.855710,single_property,7337,0.5936622619628906,200,45,50098,True,,top_k_50,50,0.5,,
2025-07-18T23:08:33.856314,single_property,7338,0.6108283996582031,200,45,50517,True,,top_k_50,50,0.5,,
2025-07-18T23:08:33.856934,single_property,7339,0.6628036499023438,200,45,49547,True,,top_k_50,50,0.5,,
2025-07-18T23:08:33.857608,single_property,7340,0.7185935974121094,200,45,48344,True,,top_k_50,50,0.5,,
2025-07-18T23:08:33.858490,single_property,7341,2.5336742401123047,200,46,98733,True,,top_k_100,100,0.5,,
2025-07-18T23:08:33.861114,single_property,7342,1.9490718841552734,200,46,99266,True,,top_k_100,100,0.5,,
2025-07-18T23:08:33.863081,single_property,7343,1.2025833129882812,200,46,98011,True,,top_k_100,100,0.5,,
2025-07-18T23:08:33.864309,single_property,7344,1.1217594146728516,200,46,97936,True,,top_k_100,100,0.5,,
2025-07-18T23:08:33.865450,single_property,7345,0.9398460388183594,200,46,99404,True,,top_k_100,100,0.5,,
2025-07-18T23:08:33.866402,single_property,7346,0.8268356323242188,200,46,100507,True,,top_k_100,100,0.5,,
2025-07-18T23:08:33.867241,single_property,7347,0.7982254028320312,200,46,98955,True,,top_k_100,100,0.5,,
2025-07-18T23:08:33.868050,single_property,7348,0.7421970367431641,200,46,99235,True,,top_k_100,100,0.5,,
2025-07-18T23:08:33.868803,single_property,7349,0.9555816650390625,200,46,100454,True,,top_k_100,100,0.5,,
2025-07-18T23:08:33.869771,single_property,7350,0.8180141448974609,200,46,98124,True,,top_k_100,100,0.5,,
2025-07-18T23:08:33.870633,single_property,7351,0.9493827819824219,200,46,100518,True,,top_k_100,100,0.5,,
2025-07-18T23:08:33.871596,single_property,7352,0.89263916015625,200,46,99028,True,,top_k_100,100,0.5,,
2025-07-18T23:08:33.872500,single_property,7353,0.7584095001220703,200,46,99913,True,,top_k_100,100,0.5,,
2025-07-18T23:08:33.873269,single_property,7354,0.7543563842773438,200,46,100771,True,,top_k_100,100,0.5,,
2025-07-18T23:08:33.874034,single_property,7355,1.0747909545898438,200,46,99260,True,,top_k_100,100,0.5,,
2025-07-18T23:08:33.875127,single_property,7356,1.5492439270019531,200,46,99139,True,,top_k_100,100,0.5,,
2025-07-18T23:08:33.876702,single_property,7357,1.4986991882324219,200,46,99338,True,,top_k_100,100,0.5,,
2025-07-18T23:08:33.878226,single_property,7358,1.2240409851074219,200,46,99932,True,,top_k_100,100,0.5,,
2025-07-18T23:08:33.879466,single_property,7359,1.081228256225586,200,46,96594,True,,top_k_100,100,0.5,,
2025-07-18T23:08:33.880562,single_property,7360,0.9002685546875,200,46,99265,True,,top_k_100,100,0.5,,
2025-07-18T23:08:33.881521,single_property,7361,0.8208751678466797,200,46,98851,True,,top_k_100,100,0.5,,
2025-07-18T23:08:33.882353,single_property,7362,0.9527206420898438,200,46,96993,True,,top_k_100,100,0.5,,
2025-07-18T23:08:33.883320,single_property,7363,0.8530616760253906,200,46,99175,True,,top_k_100,100,0.5,,
2025-07-18T23:08:33.884184,single_property,7364,0.8070468902587891,200,46,100753,True,,top_k_100,100,0.5,,
2025-07-18T23:08:33.885004,single_property,7365,0.7789134979248047,200,46,96582,True,,top_k_100,100,0.5,,
2025-07-18T23:08:33.885795,single_property,7366,0.835418701171875,200,46,98157,True,,top_k_100,100,0.5,,
2025-07-18T23:08:33.886648,single_property,7367,1.0869503021240234,200,46,99005,True,,top_k_100,100,0.5,,
2025-07-18T23:08:33.887754,single_property,7368,1.0864734649658203,200,46,97669,True,,top_k_100,100,0.5,,
2025-07-18T23:08:33.888891,single_property,7369,0.7092952728271484,200,44,5027,True,,top_k_5_high_score,5,0.7,,
2025-07-18T23:08:33.889613,single_property,7370,0.6368160247802734,200,44,5023,True,,top_k_5_high_score,5,0.7,,
2025-07-18T23:08:33.890261,single_property,7371,0.522613525390625,200,44,5065,True,,top_k_5_high_score,5,0.7,,
2025-07-18T23:08:33.890793,single_property,7372,0.6756782531738281,200,44,5065,True,,top_k_5_high_score,5,0.7,,
2025-07-18T23:08:33.891490,single_property,7373,0.8826255798339844,200,44,5060,True,,top_k_5_high_score,5,0.7,,
2025-07-18T23:08:33.892389,single_property,7374,0.9777545928955078,200,44,4943,True,,top_k_5_high_score,5,0.7,,
2025-07-18T23:08:33.893389,single_property,7375,0.9756088256835938,200,44,4951,True,,top_k_5_high_score,5,0.7,,
2025-07-18T23:08:33.894379,single_property,7376,0.9012222290039062,200,44,4995,True,,top_k_5_high_score,5,0.7,,
2025-07-18T23:08:33.895301,single_property,7377,0.8962154388427734,200,44,5031,True,,top_k_5_high_score,5,0.7,,
2025-07-18T23:08:33.896210,single_property,7378,0.6392002105712891,200,44,5134,True,,top_k_5_high_score,5,0.7,,
2025-07-18T23:08:33.896894,single_property,7379,0.6771087646484375,200,44,5223,True,,top_k_5_high_score,5,0.7,,
2025-07-18T23:08:33.897588,single_property,7380,0.7352828979492188,200,44,5028,True,,top_k_5_high_score,5,0.7,,
2025-07-18T23:08:33.898335,single_property,7381,0.6320476531982422,200,44,5152,True,,top_k_5_high_score,5,0.7,,
2025-07-18T23:08:33.898978,single_property,7382,0.5733966827392578,200,44,5096,True,,top_k_5_high_score,5,0.7,,
2025-07-18T23:08:33.899565,single_property,7383,0.9987354278564453,200,44,5059,True,,top_k_5_high_score,5,0.7,,
2025-07-18T23:08:33.900585,single_property,7384,0.6992816925048828,200,44,4943,True,,top_k_5_high_score,5,0.7,,
2025-07-18T23:08:33.901295,single_property,7385,0.6291866302490234,200,44,5092,True,,top_k_5_high_score,5,0.7,,
2025-07-18T23:08:33.901935,single_property,7386,0.6022453308105469,200,44,5105,True,,top_k_5_high_score,5,0.7,,
2025-07-18T23:08:33.902550,single_property,7387,0.6210803985595703,200,44,5040,True,,top_k_5_high_score,5,0.7,,
2025-07-18T23:08:33.903184,single_property,7388,0.7476806640625,200,44,4951,True,,top_k_5_high_score,5,0.7,,
2025-07-18T23:08:33.903986,single_property,7389,0.6129741668701172,200,44,5107,True,,top_k_5_high_score,5,0.7,,
2025-07-18T23:08:33.904612,single_property,7390,0.5927085876464844,200,44,5097,True,,top_k_5_high_score,5,0.7,,
2025-07-18T23:08:33.905215,single_property,7391,0.6270408630371094,200,44,4938,True,,top_k_5_high_score,5,0.7,,
2025-07-18T23:08:33.905855,single_property,7392,0.5431175231933594,200,44,4836,True,,top_k_5_high_score,5,0.7,,
2025-07-18T23:08:33.906409,single_property,7393,0.8337497711181641,200,44,5178,True,,top_k_5_high_score,5,0.7,,
2025-07-18T23:08:33.907255,single_property,7394,0.6749629974365234,200,44,4951,True,,top_k_5_high_score,5,0.7,,
2025-07-18T23:08:33.907943,single_property,7395,0.9167194366455078,200,44,5113,True,,top_k_5_high_score,5,0.7,,
2025-07-18T23:08:33.908879,single_property,7396,0.9975433349609375,200,44,4964,True,,top_k_5_high_score,5,0.7,,
2025-07-18T23:08:33.909942,single_property,7397,0.8761882781982422,200,45,10320,True,,top_k_10_high_score,10,0.7,,
2025-07-18T23:08:33.910832,single_property,7398,0.7987022399902344,200,45,10040,True,,top_k_10_high_score,10,0.7,,
2025-07-18T23:08:33.911645,single_property,7399,0.6885528564453125,200,45,9600,True,,top_k_10_high_score,10,0.7,,
2025-07-18T23:08:33.912349,single_property,7400,0.9336471557617188,200,45,9953,True,,top_k_10_high_score,10,0.7,,
2025-07-18T23:08:33.913314,single_property,7401,0.9007453918457031,200,45,10138,True,,top_k_10_high_score,10,0.7,,
2025-07-18T23:08:33.914229,single_property,7402,0.6670951843261719,200,45,10149,True,,top_k_10_high_score,10,0.7,,
2025-07-18T23:08:33.914907,single_property,7403,0.6053447723388672,200,45,10022,True,,top_k_10_high_score,10,0.7,,
2025-07-18T23:08:33.915523,single_property,7404,0.614166259765625,200,45,10293,True,,top_k_10_high_score,10,0.7,,
2025-07-18T23:08:33.916150,single_property,7405,0.7803440093994141,200,45,9939,True,,top_k_10_high_score,10,0.7,,
2025-07-18T23:08:33.916946,single_property,7406,0.8549690246582031,200,45,9974,True,,top_k_10_high_score,10,0.7,,
2025-07-18T23:08:33.917848,single_property,7407,0.6122589111328125,200,45,9749,True,,top_k_10_high_score,10,0.7,,
2025-07-18T23:08:33.918471,single_property,7408,0.5719661712646484,200,45,10336,True,,top_k_10_high_score,10,0.7,,
2025-07-18T23:08:33.919054,single_property,7409,0.7171630859375,200,45,9934,True,,top_k_10_high_score,10,0.7,,
2025-07-18T23:08:33.919789,single_property,7410,1.050710678100586,200,45,10311,True,,top_k_10_high_score,10,0.7,,
2025-07-18T23:08:33.920859,single_property,7411,0.9939670562744141,200,45,10237,True,,top_k_10_high_score,10,0.7,,
2025-07-18T23:08:33.921868,single_property,7412,1.2936592102050781,200,45,10081,True,,top_k_10_high_score,10,0.7,,
2025-07-18T23:08:33.923182,single_property,7413,0.8916854858398438,200,45,9879,True,,top_k_10_high_score,10,0.7,,
2025-07-18T23:08:33.924088,single_property,7414,0.8680820465087891,200,45,10083,True,,top_k_10_high_score,10,0.7,,
2025-07-18T23:08:33.924972,single_property,7415,0.9737014770507812,200,45,10350,True,,top_k_10_high_score,10,0.7,,
2025-07-18T23:08:33.925973,single_property,7416,1.2760162353515625,200,45,10318,True,,top_k_10_high_score,10,0.7,,
2025-07-18T23:08:33.927324,single_property,7417,1.0700225830078125,200,45,9986,True,,top_k_10_high_score,10,0.7,,
2025-07-18T23:08:33.928410,single_property,7418,0.9248256683349609,200,45,9933,True,,top_k_10_high_score,10,0.7,,
2025-07-18T23:08:33.929351,single_property,7419,0.6711483001708984,200,45,9858,True,,top_k_10_high_score,10,0.7,,
2025-07-18T23:08:33.930033,single_property,7420,0.7257461547851562,200,45,9933,True,,top_k_10_high_score,10,0.7,,
2025-07-18T23:08:33.930770,single_property,7421,0.7624626159667969,200,45,10113,True,,top_k_10_high_score,10,0.7,,
2025-07-18T23:08:33.931544,single_property,7422,0.6728172302246094,200,45,10013,True,,top_k_10_high_score,10,0.7,,
2025-07-18T23:08:33.932228,single_property,7423,0.49614906311035156,200,45,9901,True,,top_k_10_high_score,10,0.7,,
2025-07-18T23:08:33.932734,single_property,7424,0.6437301635742188,200,45,10125,True,,top_k_10_high_score,10,0.7,,
2025-07-18T23:08:33.933426,single_property,7425,0.7796287536621094,200,45,49118,True,,top_k_50_high_score,50,0.7,,
2025-07-18T23:08:33.934219,single_property,7426,0.9827613830566406,200,45,47457,True,,top_k_50_high_score,50,0.7,,
2025-07-18T23:08:33.935220,single_property,7427,0.8854866027832031,200,45,49909,True,,top_k_50_high_score,50,0.7,,
2025-07-18T23:08:33.936120,single_property,7428,0.7598400115966797,200,45,50094,True,,top_k_50_high_score,50,0.7,,
2025-07-18T23:08:33.936899,single_property,7429,0.7967948913574219,200,45,49494,True,,top_k_50_high_score,50,0.7,,
2025-07-18T23:08:33.937708,single_property,7430,0.7848739624023438,200,45,49003,True,,top_k_50_high_score,50,0.7,,
2025-07-18T23:08:33.938505,single_property,7431,0.8423328399658203,200,45,50102,True,,top_k_50_high_score,50,0.7,,
2025-07-18T23:08:33.939360,single_property,7432,0.6759166717529297,200,45,49905,True,,top_k_50_high_score,50,0.7,,
2025-07-18T23:08:33.940047,single_property,7433,0.8423328399658203,200,45,50048,True,,top_k_50_high_score,50,0.7,,
2025-07-18T23:08:33.940901,single_property,7434,0.9055137634277344,200,45,50949,True,,top_k_50_high_score,50,0.7,,
2025-07-18T23:08:33.941872,single_property,7435,1.3852119445800781,200,45,49897,True,,top_k_50_high_score,50,0.7,,
2025-07-18T23:08:33.943276,single_property,7436,1.5397071838378906,200,45,50255,True,,top_k_50_high_score,50,0.7,,
2025-07-18T23:08:33.944838,single_property,7437,1.0211467742919922,200,45,47278,True,,top_k_50_high_score,50,0.7,,
2025-07-18T23:08:33.945873,single_property,7438,0.8695125579833984,200,45,50604,True,,top_k_50_high_score,50,0.7,,
2025-07-18T23:08:33.946757,single_property,7439,0.9014606475830078,200,45,48245,True,,top_k_50_high_score,50,0.7,,
2025-07-18T23:08:33.947673,single_property,7440,0.7476806640625,200,45,50171,True,,top_k_50_high_score,50,0.7,,
2025-07-18T23:08:33.948431,single_property,7441,0.7581710815429688,200,45,49264,True,,top_k_50_high_score,50,0.7,,
2025-07-18T23:08:33.949202,single_property,7442,0.8306503295898438,200,45,50284,True,,top_k_50_high_score,50,0.7,,
2025-07-18T23:08:33.950046,single_property,7443,0.9200572967529297,200,45,50148,True,,top_k_50_high_score,50,0.7,,
2025-07-18T23:08:33.950980,single_property,7444,0.9076595306396484,200,45,49000,True,,top_k_50_high_score,50,0.7,,
2025-07-18T23:08:33.951942,single_property,7445,1.3751983642578125,200,45,49936,True,,top_k_50_high_score,50,0.7,,
2025-07-18T23:08:33.953337,single_property,7446,0.8957386016845703,200,45,45409,True,,top_k_50_high_score,50,0.7,,
2025-07-18T23:08:33.954249,single_property,7447,0.7250308990478516,200,45,49796,True,,top_k_50_high_score,50,0.7,,
2025-07-18T23:08:33.954986,single_property,7448,0.6418228149414062,200,45,49823,True,,top_k_50_high_score,50,0.7,,
2025-07-18T23:08:33.955638,single_property,7449,0.7266998291015625,200,45,50031,True,,top_k_50_high_score,50,0.7,,
2025-07-18T23:08:33.956378,single_property,7450,0.7789134979248047,200,45,49271,True,,top_k_50_high_score,50,0.7,,
2025-07-18T23:08:33.957168,single_property,7451,0.9403228759765625,200,45,49818,True,,top_k_50_high_score,50,0.7,,
2025-07-18T23:08:33.958133,single_property,7452,1.6357898712158203,200,45,50611,True,,top_k_50_high_score,50,0.7,,
2025-07-18T23:08:33.959858,single_property,7453,1.4672279357910156,200,46,33558,True,,top_k_100_high_score,100,0.7,,
2025-07-18T23:08:33.961343,single_property,7454,1.2421607971191406,200,46,82935,True,,top_k_100_high_score,100,0.7,,
2025-07-18T23:08:33.962605,single_property,7455,0.9672641754150391,200,46,56865,True,,top_k_100_high_score,100,0.7,,
2025-07-18T23:08:33.963584,single_property,7456,0.8726119995117188,200,46,100320,True,,top_k_100_high_score,100,0.7,,
2025-07-18T23:08:33.964477,single_property,7457,0.7240772247314453,200,46,70750,True,,top_k_100_high_score,100,0.7,,
2025-07-18T23:08:33.965211,single_property,7458,0.7243156433105469,200,46,98843,True,,top_k_100_high_score,100,0.7,,
2025-07-18T23:08:33.965946,single_property,7459,0.6437301635742188,200,46,67398,True,,top_k_100_high_score,100,0.7,,
2025-07-18T23:08:33.966603,single_property,7460,0.9334087371826172,200,46,87683,True,,top_k_100_high_score,100,0.7,,
2025-07-18T23:08:33.967550,single_property,7461,0.8463859558105469,200,46,98535,True,,top_k_100_high_score,100,0.7,,
2025-07-18T23:08:33.968408,single_property,7462,1.1453628540039062,200,46,98687,True,,top_k_100_high_score,100,0.7,,
2025-07-18T23:08:33.969600,single_property,7463,0.7176399230957031,200,46,43820,True,,top_k_100_high_score,100,0.7,,
2025-07-18T23:08:33.970328,single_property,7464,0.7557868957519531,200,46,68531,True,,top_k_100_high_score,100,0.7,,
2025-07-18T23:08:33.971097,single_property,7465,1.1043548583984375,200,46,100687,True,,top_k_100_high_score,100,0.7,,
2025-07-18T23:08:33.972216,single_property,7466,0.8029937744140625,200,46,88298,True,,top_k_100_high_score,100,0.7,,
2025-07-18T23:08:33.973034,single_property,7467,0.797271728515625,200,46,95177,True,,top_k_100_high_score,100,0.7,,
2025-07-18T23:08:33.973842,single_property,7468,0.6558895111083984,200,46,34407,True,,top_k_100_high_score,100,0.7,,
2025-07-18T23:08:33.974509,single_property,7469,1.4498233795166016,200,46,85833,True,,top_k_100_high_score,100,0.7,,
2025-07-18T23:08:33.976058,single_property,7470,1.6360282897949219,200,46,61491,True,,top_k_100_high_score,100,0.7,,
2025-07-18T23:08:33.977714,single_property,7471,1.634359359741211,200,46,101371,True,,top_k_100_high_score,100,0.7,,
2025-07-18T23:08:33.979370,single_property,7472,1.2769699096679688,200,46,82810,True,,top_k_100_high_score,100,0.7,,
2025-07-18T23:08:33.980701,single_property,7473,0.8165836334228516,200,46,59423,True,,top_k_100_high_score,100,0.7,,
2025-07-18T23:08:33.981532,single_property,7474,0.6659030914306641,200,46,48464,True,,top_k_100_high_score,100,0.7,,
2025-07-18T23:08:33.982208,single_property,7475,0.6108283996582031,200,46,51224,True,,top_k_100_high_score,100,0.7,,
2025-07-18T23:08:33.982828,single_property,7476,0.7517337799072266,200,46,98278,True,,top_k_100_high_score,100,0.7,,
2025-07-18T23:08:33.983591,single_property,7477,0.6515979766845703,200,46,52334,True,,top_k_100_high_score,100,0.7,,
2025-07-18T23:08:33.984253,single_property,7478,0.9260177612304688,200,46,60073,True,,top_k_100_high_score,100,0.7,,
2025-07-18T23:08:33.985193,single_property,7479,1.0170936584472656,200,46,72332,True,,top_k_100_high_score,100,0.7,,
2025-07-18T23:08:33.986223,single_property,7480,0.8459091186523438,200,46,95331,True,,top_k_100_high_score,100,0.7,,
2025-07-18T23:08:33.987145,single_property,7481,0.6716251373291016,200,67,5104,True,,top_k_5_percentile,5,0.5,0.2,
2025-07-18T23:08:33.987831,single_property,7482,0.8280277252197266,200,67,5002,True,,top_k_5_percentile,5,0.5,0.2,
2025-07-18T23:08:33.988672,single_property,7483,0.7054805755615234,200,67,5009,True,,top_k_5_percentile,5,0.5,0.2,
2025-07-18T23:08:33.989391,single_property,7484,0.5567073822021484,200,67,5007,True,,top_k_5_percentile,5,0.5,0.2,
2025-07-18T23:08:33.989959,single_property,7485,0.5078315734863281,200,67,5106,True,,top_k_5_percentile,5,0.5,0.2,
2025-07-18T23:08:33.990477,single_property,7486,0.5698204040527344,200,67,4901,True,,top_k_5_percentile,5,0.5,0.2,
2025-07-18T23:08:33.991058,single_property,7487,0.4858970642089844,200,67,4879,True,,top_k_5_percentile,5,0.5,0.2,
2025-07-18T23:08:33.991554,single_property,7488,0.7452964782714844,200,67,5110,True,,top_k_5_percentile,5,0.5,0.2,
2025-07-18T23:08:33.992317,single_property,7489,1.3153553009033203,200,67,5035,True,,top_k_5_percentile,5,0.5,0.2,
2025-07-18T23:08:33.993655,single_property,7490,1.0409355163574219,200,67,5018,True,,top_k_5_percentile,5,0.5,0.2,
2025-07-18T23:08:33.994750,single_property,7491,0.7772445678710938,200,67,5048,True,,top_k_5_percentile,5,0.5,0.2,
2025-07-18T23:08:33.995542,single_property,7492,0.7984638214111328,200,67,4986,True,,top_k_5_percentile,5,0.5,0.2,
2025-07-18T23:08:33.996358,single_property,7493,0.6897449493408203,200,67,5021,True,,top_k_5_percentile,5,0.5,0.2,
2025-07-18T23:08:33.997059,single_property,7494,0.5156993865966797,200,67,4978,True,,top_k_5_percentile,5,0.5,0.2,
2025-07-18T23:08:33.997586,single_property,7495,0.4935264587402344,200,67,5029,True,,top_k_5_percentile,5,0.5,0.2,
2025-07-18T23:08:33.998090,single_property,7496,0.5688667297363281,200,67,4967,True,,top_k_5_percentile,5,0.5,0.2,
2025-07-18T23:08:33.998669,single_property,7497,0.6279945373535156,200,67,4867,True,,top_k_5_percentile,5,0.5,0.2,
2025-07-18T23:08:33.999310,single_property,7498,0.6260871887207031,200,67,5078,True,,top_k_5_percentile,5,0.5,0.2,
2025-07-18T23:08:33.999947,single_property,7499,0.7374286651611328,200,67,5013,True,,top_k_5_percentile,5,0.5,0.2,
2025-07-18T23:08:34.000697,single_property,7500,0.5273818969726562,200,67,5017,True,,top_k_5_percentile,5,0.5,0.2,
2025-07-18T23:08:34.001270,single_property,7501,0.6554126739501953,200,67,5096,True,,top_k_5_percentile,5,0.5,0.2,
2025-07-18T23:08:34.001938,single_property,7502,0.7457733154296875,200,67,5055,True,,top_k_5_percentile,5,0.5,0.2,
2025-07-18T23:08:34.002696,single_property,7503,0.7872581481933594,200,67,5107,True,,top_k_5_percentile,5,0.5,0.2,
2025-07-18T23:08:34.003497,single_property,7504,0.6709098815917969,200,67,4905,True,,top_k_5_percentile,5,0.5,0.2,
2025-07-18T23:08:34.004179,single_property,7505,0.5562305450439453,200,67,5063,True,,top_k_5_percentile,5,0.5,0.2,
2025-07-18T23:08:34.004746,single_property,7506,0.4944801330566406,200,67,5265,True,,top_k_5_percentile,5,0.5,0.2,
2025-07-18T23:08:34.005251,single_property,7507,0.8232593536376953,200,67,4897,True,,top_k_5_percentile,5,0.5,0.2,
2025-07-18T23:08:34.006086,single_property,7508,0.7262229919433594,200,67,5014,True,,top_k_5_percentile,5,0.5,0.2,
2025-07-18T23:08:34.006872,single_property,7509,0.5764961242675781,200,68,9788,True,,top_k_10_percentile,10,0.5,0.2,
2025-07-18T23:08:34.007460,single_property,7510,0.7140636444091797,200,68,10060,True,,top_k_10_percentile,10,0.5,0.2,
2025-07-18T23:08:34.008185,single_property,7511,0.9028911590576172,200,68,10014,True,,top_k_10_percentile,10,0.5,0.2,
2025-07-18T23:08:34.009110,single_property,7512,1.4226436614990234,200,68,10142,True,,top_k_10_percentile,10,0.5,0.2,
2025-07-18T23:08:34.010564,single_property,7513,1.2416839599609375,200,68,10205,True,,top_k_10_percentile,10,0.5,0.2,
2025-07-18T23:08:34.011822,single_property,7514,0.9789466857910156,200,68,10067,True,,top_k_10_percentile,10,0.5,0.2,
2025-07-18T23:08:34.012814,single_property,7515,0.6182193756103516,200,68,10007,True,,top_k_10_percentile,10,0.5,0.2,
2025-07-18T23:08:34.013444,single_property,7516,0.7200241088867188,200,68,10194,True,,top_k_10_percentile,10,0.5,0.2,
2025-07-18T23:08:34.014179,single_property,7517,0.8995532989501953,200,68,10053,True,,top_k_10_percentile,10,0.5,0.2,
2025-07-18T23:08:34.015094,single_property,7518,0.6215572357177734,200,68,9673,True,,top_k_10_percentile,10,0.5,0.2,
2025-07-18T23:08:34.015761,single_property,7519,0.7643699645996094,200,68,10221,True,,top_k_10_percentile,10,0.5,0.2,
2025-07-18T23:08:34.016540,single_property,7520,0.8270740509033203,200,68,9911,True,,top_k_10_percentile,10,0.5,0.2,
2025-07-18T23:08:34.017379,single_property,7521,0.6618499755859375,200,68,9890,True,,top_k_10_percentile,10,0.5,0.2,
2025-07-18T23:08:34.018054,single_property,7522,0.5552768707275391,200,68,9915,True,,top_k_10_percentile,10,0.5,0.2,
2025-07-18T23:08:34.018620,single_property,7523,0.5035400390625,200,68,9996,True,,top_k_10_percentile,10,0.5,0.2,
2025-07-18T23:08:34.019134,single_property,7524,0.6034374237060547,200,68,9657,True,,top_k_10_percentile,10,0.5,0.2,
2025-07-18T23:08:34.019750,single_property,7525,0.8685588836669922,200,68,10139,True,,top_k_10_percentile,10,0.5,0.2,
2025-07-18T23:08:34.020634,single_property,7526,0.6899833679199219,200,68,9948,True,,top_k_10_percentile,10,0.5,0.2,
2025-07-18T23:08:34.021338,single_property,7527,0.6895065307617188,200,68,9956,True,,top_k_10_percentile,10,0.5,0.2,
2025-07-18T23:08:34.022038,single_property,7528,0.5230903625488281,200,68,9974,True,,top_k_10_percentile,10,0.5,0.2,
2025-07-18T23:08:34.022608,single_property,7529,0.6093978881835938,200,68,9733,True,,top_k_10_percentile,10,0.5,0.2,
2025-07-18T23:08:34.023228,single_property,7530,0.6139278411865234,200,68,10008,True,,top_k_10_percentile,10,0.5,0.2,
2025-07-18T23:08:34.023854,single_property,7531,0.6589889526367188,200,68,10327,True,,top_k_10_percentile,10,0.5,0.2,
2025-07-18T23:08:34.024527,single_property,7532,0.6711483001708984,200,68,10281,True,,top_k_10_percentile,10,0.5,0.2,
2025-07-18T23:08:34.025212,single_property,7533,0.9739398956298828,200,68,9919,True,,top_k_10_percentile,10,0.5,0.2,
2025-07-18T23:08:34.026204,single_property,7534,0.8671283721923828,200,68,10143,True,,top_k_10_percentile,10,0.5,0.2,
2025-07-18T23:08:34.027087,single_property,7535,0.7405281066894531,200,68,10038,True,,top_k_10_percentile,10,0.5,0.2,
2025-07-18T23:08:34.027840,single_property,7536,0.7193088531494141,200,68,9934,True,,top_k_10_percentile,10,0.5,0.2,
2025-07-18T23:08:34.028619,single_property,7537,0.9858608245849609,200,68,49722,True,,top_k_50_percentile,50,0.5,0.3,
2025-07-18T23:08:34.029625,single_property,7538,1.191854476928711,200,68,33318,True,,top_k_50_percentile,50,0.5,0.3,
2025-07-18T23:08:34.030833,single_property,7539,0.8759498596191406,200,68,49570,True,,top_k_50_percentile,50,0.5,0.3,
2025-07-18T23:08:34.031728,single_property,7540,0.8118152618408203,200,68,49485,True,,top_k_50_percentile,50,0.5,0.3,
2025-07-18T23:08:34.032554,single_property,7541,0.7877349853515625,200,68,50995,True,,top_k_50_percentile,50,0.5,0.3,
2025-07-18T23:08:34.033356,single_property,7542,0.7276535034179688,200,68,50243,True,,top_k_50_percentile,50,0.5,0.3,
2025-07-18T23:08:34.034095,single_property,7543,0.8873939514160156,200,68,49514,True,,top_k_50_percentile,50,0.5,0.3,
2025-07-18T23:08:34.035002,single_property,7544,0.8378028869628906,200,68,49279,True,,top_k_50_percentile,50,0.5,0.3,
2025-07-18T23:08:34.035854,single_property,7545,0.7922649383544922,200,68,48300,True,,top_k_50_percentile,50,0.5,0.3,
2025-07-18T23:08:34.036660,single_property,7546,0.8103847503662109,200,68,49725,True,,top_k_50_percentile,50,0.5,0.3,
2025-07-18T23:08:34.037522,single_property,7547,0.675201416015625,200,68,50162,True,,top_k_50_percentile,50,0.5,0.3,
2025-07-18T23:08:34.038209,single_property,7548,0.6530284881591797,200,68,49617,True,,top_k_50_percentile,50,0.5,0.3,
2025-07-18T23:08:34.038876,single_property,7549,0.7166862487792969,200,68,49009,True,,top_k_50_percentile,50,0.5,0.3,
2025-07-18T23:08:34.039607,single_property,7550,0.7920265197753906,200,68,49476,True,,top_k_50_percentile,50,0.5,0.3,
2025-07-18T23:08:34.040413,single_property,7551,0.8161067962646484,200,68,48292,True,,top_k_50_percentile,50,0.5,0.3,
2025-07-18T23:08:34.041243,single_property,7552,0.8804798126220703,200,68,50642,True,,top_k_50_percentile,50,0.5,0.3,
2025-07-18T23:08:34.042145,single_property,7553,1.1534690856933594,200,68,49792,True,,top_k_50_percentile,50,0.5,0.3,
2025-07-18T23:08:34.043321,single_property,7554,1.1219978332519531,200,68,49608,True,,top_k_50_percentile,50,0.5,0.3,
2025-07-18T23:08:34.044461,single_property,7555,1.107931137084961,200,68,47408,True,,top_k_50_percentile,50,0.5,0.3,
2025-07-18T23:08:34.045591,single_property,7556,0.9582042694091797,200,68,49112,True,,top_k_50_percentile,50,0.5,0.3,
2025-07-18T23:08:34.046597,single_property,7557,1.2862682342529297,200,68,49840,True,,top_k_50_percentile,50,0.5,0.3,
2025-07-18T23:08:34.047899,single_property,7558,1.5316009521484375,200,68,49820,True,,top_k_50_percentile,50,0.5,0.3,
2025-07-18T23:08:34.049454,single_property,7559,1.1584758758544922,200,68,49571,True,,top_k_50_percentile,50,0.5,0.3,
2025-07-18T23:08:34.050628,single_property,7560,0.7183551788330078,200,68,49330,True,,top_k_50_percentile,50,0.5,0.3,
2025-07-18T23:08:34.051358,single_property,7561,0.6704330444335938,200,68,49057,True,,top_k_50_percentile,50,0.5,0.3,
2025-07-18T23:08:34.052038,single_property,7562,0.6563663482666016,200,68,49440,True,,top_k_50_percentile,50,0.5,0.3,
2025-07-18T23:08:34.052707,single_property,7563,0.6811618804931641,200,68,37729,True,,top_k_50_percentile,50,0.5,0.3,
2025-07-18T23:08:34.053399,single_property,7564,0.9119510650634766,200,68,50652,True,,top_k_50_percentile,50,0.5,0.3,
2025-07-18T23:08:34.054363,single_property,7565,1.0364055633544922,200,69,80852,True,,top_k_100_percentile,100,0.5,0.4,
2025-07-18T23:08:34.055417,single_property,7566,0.9629726409912109,200,69,74268,True,,top_k_100_percentile,100,0.5,0.4,
2025-07-18T23:08:34.056394,single_property,7567,0.7615089416503906,200,69,71923,True,,top_k_100_percentile,100,0.5,0.4,
2025-07-18T23:08:34.057170,single_property,7568,1.1115074157714844,200,69,96974,True,,top_k_100_percentile,100,0.5,0.4,
2025-07-18T23:08:34.058344,single_property,7569,1.5153884887695312,200,69,90201,True,,top_k_100_percentile,100,0.5,0.4,
2025-07-18T23:08:34.059894,single_property,7570,2.1741390228271484,200,69,92949,True,,top_k_100_percentile,100,0.5,0.4,
2025-07-18T23:08:34.062094,single_property,7571,1.3692378997802734,200,69,99070,True,,top_k_100_percentile,100,0.5,0.4,
2025-07-18T23:08:34.063484,single_property,7572,1.1315345764160156,200,69,87648,True,,top_k_100_percentile,100,0.5,0.4,
2025-07-18T23:08:34.064631,single_property,7573,0.8635520935058594,200,69,93850,True,,top_k_100_percentile,100,0.5,0.4,
2025-07-18T23:08:34.065506,single_property,7574,0.7884502410888672,200,69,100565,True,,top_k_100_percentile,100,0.5,0.4,
2025-07-18T23:08:34.066348,single_property,7575,0.6396770477294922,200,69,69255,True,,top_k_100_percentile,100,0.5,0.4,
2025-07-18T23:08:34.066999,single_property,7576,0.8206367492675781,200,69,80887,True,,top_k_100_percentile,100,0.5,0.4,
2025-07-18T23:08:34.067830,single_property,7577,0.6797313690185547,200,69,68749,True,,top_k_100_percentile,100,0.5,0.4,
2025-07-18T23:08:34.068520,single_property,7578,0.8800029754638672,200,69,100142,True,,top_k_100_percentile,100,0.5,0.4,
2025-07-18T23:08:34.069412,single_property,7579,0.9911060333251953,200,69,89655,True,,top_k_100_percentile,100,0.5,0.4,
2025-07-18T23:08:34.070419,single_property,7580,0.7708072662353516,200,69,69301,True,,top_k_100_percentile,100,0.5,0.4,
2025-07-18T23:08:34.071202,single_property,7581,0.70953369140625,200,69,59929,True,,top_k_100_percentile,100,0.5,0.4,
2025-07-18T23:08:34.071927,single_property,7582,0.7176399230957031,200,69,43947,True,,top_k_100_percentile,100,0.5,0.4,
2025-07-18T23:08:34.072656,single_property,7583,0.9679794311523438,200,69,99725,True,,top_k_100_percentile,100,0.5,0.4,
2025-07-18T23:08:34.073637,single_property,7584,0.8349418640136719,200,69,84060,True,,top_k_100_percentile,100,0.5,0.4,
2025-07-18T23:08:34.074551,single_property,7585,1.9526481628417969,200,69,86667,True,,top_k_100_percentile,100,0.5,0.4,
2025-07-18T23:08:34.076526,single_property,7586,1.294851303100586,200,69,74882,True,,top_k_100_percentile,100,0.5,0.4,
2025-07-18T23:08:34.077866,single_property,7587,1.0499954223632812,200,69,58003,True,,top_k_100_percentile,100,0.5,0.4,
2025-07-18T23:08:34.078932,single_property,7588,1.1577606201171875,200,69,98026,True,,top_k_100_percentile,100,0.5,0.4,
2025-07-18T23:08:34.080111,single_property,7589,1.02996826171875,200,69,72376,True,,top_k_100_percentile,100,0.5,0.4,
2025-07-18T23:08:34.081154,single_property,7590,1.4333724975585938,200,69,86976,True,,top_k_100_percentile,100,0.5,0.4,
2025-07-18T23:08:34.082609,single_property,7591,1.0471343994140625,200,69,56609,True,,top_k_100_percentile,100,0.5,0.4,
2025-07-18T23:08:34.083675,single_property,7592,1.1434555053710938,200,69,100754,True,,top_k_100_percentile,100,0.5,0.4,
2025-07-18T23:08:34.084922,bulk_recommendations,,4.216670989990234,200,74,99541,True,,bulk_baseline,,0.5,,2
2025-07-18T23:08:34.089178,bulk_recommendations,,7.875680923461914,200,80,149638,True,,bulk_baseline,,0.5,,3
2025-07-18T23:08:34.097106,bulk_recommendations,,8.507966995239258,200,86,199004,True,,bulk_baseline,,0.5,,4
2025-07-18T23:08:34.105678,bulk_recommendations,,7.405757904052734,200,92,249618,True,,bulk_baseline,,0.5,,5
2025-07-18T23:08:34.113138,bulk_recommendations,,5.353689193725586,200,74,99538,True,,bulk_baseline,,0.5,,2
2025-07-18T23:08:34.118581,bulk_recommendations,,6.539344787597656,200,80,149638,True,,bulk_baseline,,0.5,,3
2025-07-18T23:08:34.125151,bulk_recommendations,,8.433818817138672,200,86,199004,True,,bulk_baseline,,0.5,,4
2025-07-18T23:08:34.133620,bulk_recommendations,,5.404949188232422,200,92,249618,True,,bulk_baseline,,0.5,,5
2025-07-18T23:08:34.139087,bulk_recommendations,,6.060361862182617,200,74,99541,True,,bulk_baseline,,0.5,,2
2025-07-18T23:08:34.145195,bulk_recommendations,,5.4988861083984375,200,80,149638,True,,bulk_baseline,,0.5,,3
2025-07-18T23:08:34.150767,bulk_recommendations,,6.461143493652344,200,86,199004,True,,bulk_baseline,,0.5,,4
2025-07-18T23:08:34.157287,bulk_recommendations,,8.530139923095703,200,92,249618,True,,bulk_baseline,,0.5,,5
2025-07-18T23:08:34.165898,bulk_recommendations,,5.492448806762695,200,74,99541,True,,bulk_baseline,,0.5,,2
2025-07-18T23:08:34.171437,bulk_recommendations,,5.994081497192383,200,80,149635,True,,bulk_baseline,,0.5,,3
2025-07-18T23:08:34.177523,bulk_recommendations,,5.547285079956055,200,86,10112,True,,bulk_top_k_5,5,0.5,,2
2025-07-18T23:08:34.183099,bulk_recommendations,,4.491567611694336,200,92,15164,True,,bulk_top_k_5,5,0.5,,3
2025-07-18T23:08:34.187623,bulk_recommendations,,7.575750350952148,200,98,20134,True,,bulk_top_k_5,5,0.5,,4
2025-07-18T23:08:34.195232,bulk_recommendations,,5.359411239624023,200,104,25291,True,,bulk_top_k_5,5,0.5,,5
2025-07-18T23:08:34.200623,bulk_recommendations,,4.357814788818359,200,86,10112,True,,bulk_top_k_5,5,0.5,,2
2025-07-18T23:08:34.205048,bulk_recommendations,,5.00178337097168,200,92,15164,True,,bulk_top_k_5,5,0.5,,3
2025-07-18T23:08:34.210094,bulk_recommendations,,6.681919097900391,200,98,20134,True,,bulk_top_k_5,5,0.5,,4
2025-07-18T23:08:34.216811,bulk_recommendations,,6.072521209716797,200,104,25291,True,,bulk_top_k_5,5,0.5,,5
2025-07-18T23:08:34.222912,bulk_recommendations,,6.125688552856445,200,86,10112,True,,bulk_top_k_5,5,0.5,,2
2025-07-18T23:08:34.229069,bulk_recommendations,,3.9970874786376953,200,92,15164,True,,bulk_top_k_5,5,0.5,,3
2025-07-18T23:08:34.233130,bulk_recommendations,,6.665468215942383,200,98,20134,True,,bulk_top_k_5,5,0.5,,4
2025-07-18T23:08:34.239835,bulk_recommendations,,9.09566879272461,200,104,25291,True,,bulk_top_k_5,5,0.5,,5
2025-07-18T23:08:34.248968,bulk_recommendations,,5.038738250732422,200,86,10112,True,,bulk_top_k_5,5,0.5,,2
2025-07-18T23:08:34.254036,bulk_recommendations,,4.180908203125,200,92,15164,True,,bulk_top_k_5,5,0.5,,3
2025-07-18T23:08:34.258289,bulk_recommendations,,4.840373992919922,200,87,19888,True,,bulk_top_k_10,10,0.5,,2
2025-07-18T23:08:34.263160,bulk_recommendations,,5.03849983215332,200,93,30001,True,,bulk_top_k_10,10,0.5,,3
2025-07-18T23:08:34.268231,bulk_recommendations,,7.047176361083984,200,99,39922,True,,bulk_top_k_10,10,0.5,,4
2025-07-18T23:08:34.275321,bulk_recommendations,,7.3871612548828125,200,105,50134,True,,bulk_top_k_10,10,0.5,,5
2025-07-18T23:08:34.282739,bulk_recommendations,,3.908395767211914,200,87,19888,True,,bulk_top_k_10,10,0.5,,2
2025-07-18T23:08:34.286709,bulk_recommendations,,6.242990493774414,200,93,30001,True,,bulk_top_k_10,10,0.5,,3
2025-07-18T23:08:34.292996,bulk_recommendations,,8.215665817260742,200,99,39922,True,,bulk_top_k_10,10,0.5,,4
2025-07-18T23:08:34.301255,bulk_recommendations,,5.989313125610352,200,105,50134,True,,bulk_top_k_10,10,0.5,,5
2025-07-18T23:08:34.307275,bulk_recommendations,,6.156206130981445,200,87,19888,True,,bulk_top_k_10,10,0.5,,2
2025-07-18T23:08:34.313462,bulk_recommendations,,4.986286163330078,200,93,30001,True,,bulk_top_k_10,10,0.5,,3
2025-07-18T23:08:34.318511,bulk_recommendations,,6.149053573608398,200,99,39922,True,,bulk_top_k_10,10,0.5,,4
2025-07-18T23:08:34.324699,bulk_recommendations,,7.155895233154297,200,105,50134,True,,bulk_top_k_10,10,0.5,,5
2025-07-18T23:08:34.331889,bulk_recommendations,,4.721879959106445,200,87,19888,True,,bulk_top_k_10,10,0.5,,2
2025-07-18T23:08:34.336653,bulk_recommendations,,7.455110549926758,200,93,30001,True,,bulk_top_k_10,10,0.5,,3
2025-07-18T23:08:34.344186,bulk_recommendations,,5.486726760864258,200,87,99541,True,,bulk_top_k_50,50,0.5,,2
2025-07-18T23:08:34.349705,bulk_recommendations,,5.202531814575195,200,93,149638,True,,bulk_top_k_50,50,0.5,,3
2025-07-18T23:08:34.354939,bulk_recommendations,,5.514383316040039,200,99,199004,True,,bulk_top_k_50,50,0.5,,4
2025-07-18T23:08:34.360515,bulk_recommendations,,8.208513259887695,200,105,249618,True,,bulk_top_k_50,50,0.5,,5
2025-07-18T23:08:34.368778,bulk_recommendations,,5.676031112670898,200,87,99541,True,,bulk_top_k_50,50,0.5,,2
2025-07-18T23:08:34.374525,bulk_recommendations,,5.437135696411133,200,93,149638,True,,bulk_top_k_50,50,0.5,,3
2025-07-18T23:08:34.380012,bulk_recommendations,,7.676839828491211,200,99,199004,True,,bulk_top_k_50,50,0.5,,4
2025-07-18T23:08:34.387748,bulk_recommendations,,6.705284118652344,200,105,249618,True,,bulk_top_k_50,50,0.5,,5
2025-07-18T23:08:34.394514,bulk_recommendations,,4.981279373168945,200,87,99541,True,,bulk_top_k_50,50,0.5,,2
2025-07-18T23:08:34.399533,bulk_recommendations,,4.60362434387207,200,93,149638,True,,bulk_top_k_50,50,0.5,,3
2025-07-18T23:08:34.404217,bulk_recommendations,,7.714509963989258,200,99,199004,True,,bulk_top_k_50,50,0.5,,4
2025-07-18T23:08:34.412088,bulk_recommendations,,5.731821060180664,200,105,249618,True,,bulk_top_k_50,50,0.5,,5
2025-07-18T23:08:34.417879,bulk_recommendations,,4.194498062133789,200,87,99541,True,,bulk_top_k_50,50,0.5,,2
2025-07-18T23:08:34.422110,bulk_recommendations,,6.478309631347656,200,93,149635,True,,bulk_top_k_50,50,0.5,,3
2025-07-18T23:08:34.428681,bulk_recommendations,,4.071712493896484,200,88,99541,True,,bulk_top_k_100,100,0.5,,2
2025-07-18T23:08:34.432790,bulk_recommendations,,5.810260772705078,200,94,149638,True,,bulk_top_k_100,100,0.5,,3
2025-07-18T23:08:34.438645,bulk_recommendations,,6.21795654296875,200,100,199004,True,,bulk_top_k_100,100,0.5,,4
2025-07-18T23:08:34.444932,bulk_recommendations,,6.225824356079102,200,106,249618,True,,bulk_top_k_100,100,0.5,,5
2025-07-18T23:08:34.451221,bulk_recommendations,,4.561185836791992,200,88,99541,True,,bulk_top_k_100,100,0.5,,2
2025-07-18T23:08:34.455843,bulk_recommendations,,6.117343902587891,200,94,149638,True,,bulk_top_k_100,100,0.5,,3
2025-07-18T23:08:34.461996,bulk_recommendations,,7.055997848510742,200,100,199004,True,,bulk_top_k_100,100,0.5,,4
2025-07-18T23:08:34.469110,bulk_recommendations,,6.308078765869141,200,106,249618,True,,bulk_top_k_100,100,0.5,,5
2025-07-18T23:08:34.475486,bulk_recommendations,,5.80286979675293,200,88,99541,True,,bulk_top_k_100,100,0.5,,2
2025-07-18T23:08:34.481328,bulk_recommendations,,6.938457489013672,200,94,149638,True,,bulk_top_k_100,100,0.5,,3
2025-07-18T23:08:34.488331,bulk_recommendations,,7.923364639282227,200,100,199004,True,,bulk_top_k_100,100,0.5,,4
2025-07-18T23:08:34.496311,bulk_recommendations,,7.204532623291016,200,106,249618,True,,bulk_top_k_100,100,0.5,,5
2025-07-18T23:08:34.503578,bulk_recommendations,,4.779577255249023,200,88,99541,True,,bulk_top_k_100,100,0.5,,2
2025-07-18T23:08:34.508392,bulk_recommendations,,6.489038467407227,200,94,149638,True,,bulk_top_k_100,100,0.5,,3
2025-07-18T23:08:34.514985,bulk_recommendations,,4.455327987670898,200,109,10112,True,,bulk_top_k_5_percentile,5,0.5,0.2,2
2025-07-18T23:08:34.519469,bulk_recommendations,,7.630825042724609,200,115,15164,True,,bulk_top_k_5_percentile,5,0.5,0.2,3
2025-07-18T23:08:34.527146,bulk_recommendations,,6.515264511108398,200,121,20134,True,,bulk_top_k_5_percentile,5,0.5,0.2,4
2025-07-18T23:08:34.533707,bulk_recommendations,,7.322788238525391,200,127,25291,True,,bulk_top_k_5_percentile,5,0.5,0.2,5
2025-07-18T23:08:34.541081,bulk_recommendations,,10.09058952331543,200,109,10112,True,,bulk_top_k_5_percentile,5,0.5,0.2,2
2025-07-18T23:08:34.551308,bulk_recommendations,,6.345510482788086,200,115,15164,True,,bulk_top_k_5_percentile,5,0.5,0.2,3
2025-07-18T23:08:34.557697,bulk_recommendations,,7.736682891845703,200,121,20134,True,,bulk_top_k_5_percentile,5,0.5,0.2,4
2025-07-18T23:08:34.565481,bulk_recommendations,,8.384943008422852,200,127,25291,True,,bulk_top_k_5_percentile,5,0.5,0.2,5
2025-07-18T23:08:34.573915,bulk_recommendations,,8.05354118347168,200,109,10112,True,,bulk_top_k_5_percentile,5,0.5,0.2,2
2025-07-18T23:08:34.581999,bulk_recommendations,,7.798194885253906,200,115,15164,True,,bulk_top_k_5_percentile,5,0.5,0.2,3
2025-07-18T23:08:34.589871,bulk_recommendations,,7.851123809814453,200,121,20134,True,,bulk_top_k_5_percentile,5,0.5,0.2,4
2025-07-18T23:08:34.597811,bulk_recommendations,,6.330251693725586,200,127,25291,True,,bulk_top_k_5_percentile,5,0.5,0.2,5
2025-07-18T23:08:34.604172,bulk_recommendations,,6.09135627746582,200,109,10112,True,,bulk_top_k_5_percentile,5,0.5,0.2,2
2025-07-18T23:08:34.610330,bulk_recommendations,,5.612373352050781,200,115,15164,True,,bulk_top_k_5_percentile,5,0.5,0.2,3
2025-07-18T23:08:34.616157,bulk_recommendations,,5.55872917175293,200,110,19888,True,,bulk_top_k_10_percentile,10,0.5,0.2,2
2025-07-18T23:08:34.621746,bulk_recommendations,,6.862878799438477,200,116,30001,True,,bulk_top_k_10_percentile,10,0.5,0.2,3
2025-07-18T23:08:34.628645,bulk_recommendations,,5.583286285400391,200,122,39922,True,,bulk_top_k_10_percentile,10,0.5,0.2,4
2025-07-18T23:08:34.634263,bulk_recommendations,,5.657196044921875,200,128,50134,True,,bulk_top_k_10_percentile,10,0.5,0.2,5
2025-07-18T23:08:34.639952,bulk_recommendations,,4.280805587768555,200,110,19888,True,,bulk_top_k_10_percentile,10,0.5,0.2,2
2025-07-18T23:08:34.644315,bulk_recommendations,,4.720211029052734,200,116,30001,True,,bulk_top_k_10_percentile,10,0.5,0.2,3
2025-07-18T23:08:34.649064,bulk_recommendations,,5.085229873657227,200,122,39922,True,,bulk_top_k_10_percentile,10,0.5,0.2,4
2025-07-18T23:08:34.654181,bulk_recommendations,,5.959749221801758,200,128,50131,True,,bulk_top_k_10_percentile,10,0.5,0.2,5
2025-07-18T23:08:34.660181,bulk_recommendations,,5.081653594970703,200,110,19888,True,,bulk_top_k_10_percentile,10,0.5,0.2,2
2025-07-18T23:08:34.665294,bulk_recommendations,,5.043983459472656,200,116,30001,True,,bulk_top_k_10_percentile,10,0.5,0.2,3
2025-07-18T23:08:34.670407,bulk_recommendations,,6.484031677246094,200,122,39922,True,,bulk_top_k_10_percentile,10,0.5,0.2,4
2025-07-18T23:08:34.676944,bulk_recommendations,,8.548259735107422,200,128,50134,True,,bulk_top_k_10_percentile,10,0.5,0.2,5
2025-07-18T23:08:34.685527,bulk_recommendations,,5.540609359741211,200,110,19888,True,,bulk_top_k_10_percentile,10,0.5,0.2,2
2025-07-18T23:08:34.691107,bulk_recommendations,,7.026433944702148,200,116,30001,True,,bulk_top_k_10_percentile,10,0.5,0.2,3
